{
  "n_test": 115,
  "default_thr": 0.5,
  "metrics@0.5": {
    "tp": 1,
    "tn": 73,
    "fp": 41,
    "fn": 0,
    "acc": 0.6434782608695652,
    "prec": 0.023809523809523808,
    "rec": 1.0,
    "f1": 0.046511627906976744,
    "roc_auc": 1.0,
    "pr_auc": 1.0
  },
  "best_threshold_by_f1": {
    "thr": 0.9,
    "f1": 1.0
  },
  "metrics@best_thr": {
    "tp": 1,
    "tn": 114,
    "fp": 0,
    "fn": 0,
    "acc": 1.0,
    "prec": 1.0,
    "rec": 1.0,
    "f1": 1.0,
    "roc_auc": 1.0,
    "pr_auc": 1.0
  }
}